{"lr": 0.008706284821730161, "_runtime": 21213, "_timestamp": 1629728626, "_step": 70408, "train/1.s_loss": 0.5921206013858318, "train/2.t_loss": 0.4306088318526745, "train/3.t_labeled": 0.0015024286423140438, "train/4.t_unlabeled": 0.45088845506310465, "train/5.t_mpl": -0.021782052005743027, "train/6.mask": 0.8805491505265236, "test/loss": 0.44294718675613404, "test/acc@1": 87.72000122070312, "test/acc@5": 99.36000061035156}