{"lr": 0.008826202909783046, "_runtime": 20160, "_timestamp": 1629727573, "_step": 66917, "train/1.s_loss": 0.6006565690636635, "train/2.t_loss": 0.42978623178601266, "train/3.t_labeled": 0.0016976657730483566, "train/4.t_unlabeled": 0.45008592450618745, "train/5.t_mpl": -0.021997359504559427, "train/6.mask": 0.8761406668424606, "test/loss": 0.4238385843276978, "test/acc@1": 87.8499984741211, "test/acc@5": 99.33000183105469}